Workbook

Sheet Trades_Internal (Bank Records)
A2: TradeID | B2: Trade_Date | C2: Instrument | D2: Buy/Sell | E2: Quantity | F2: Price | G2: Counterparty | H2: Status
A3: TRD001 | B3: 45597 | C3: INFY | D3: Buy | E3: 500 | F3: 1850.5 | G3: Goldman Sachs | H3: Settled
A4: TRD002 | B4: 45597 | C4: RELIANCE | D4: Sell | E4: 200 | F4: 2450 | G4: JP Morgan | H4: Settled
A5: TRD003 | B5: 45597 | C5: HDFC | D5: Buy | E5: 1000 | F5: 1650.75 | G5: Morgan Stanley | H5: Settled
A6: TRD004 | B6: 45598 | C6: TCS | D6: Buy | E6: 300 | F6: 3850 | G6: Citibank | H6: Pending
A7: TRD005 | B7: 45598 | C7: WIPRO | D7: Sell | E7: 1500 | F7: 520.3 | G7: Goldman Sachs | H7: Settled
A8: TRD006 | B8: 45598 | C8: ICICI | D8: Buy | E8: 800 | F8: 1120 | G8: Barclays | H8: Failed
A9: TRD007 | B9: 45599 | C9: SBI | D9: Sell | E9: 400 | F9: 680 | G9: JP Morgan | H9: Pending
A10: TRD008 | B10: 45599 | C10: AXIS | D10: Buy | E10: 600 | F10: 1100 | G10: Morgan Stanley | H10: Settled
A11: TRD009 | B11: 45599 | C11: TATASTEEL | D11: Buy | E11: 2000 | F11: 150 | G11: Citibank | H11: Settled
A12: TRD010 | B12: 45600 | C12: HCL | D12: Sell | E12: 250 | F12: 1680 | G12: Goldman Sachs | H12: Pending
A13: TRD011 | B13: 45600 | C13: INFY | D13: Buy | E13: 750 | F13: 1845 | G13: JP Morgan | H13: Settled
A14: TRD012 | B14: 45600 | C14: RELIANCE | D14: Buy | E14: 100 | F14: 2460 | G14: Barclays | H14: Settled
... A22: TRD020 | B22: 45603 | C22: HCL | D22: Buy | E22: 500 | F22: 1690 | G22: Citibank | H22: Settled

Sheet Trades_External (Client Record)
A1: TradeID | B1: Trade_Date | C1: Instrument | D1: Buy/Sell | E1: Quantity | F1: Price | G1: Counterparty | H1: Status
A2: TRD001 | B2: 45597 | C2: INFY | D2: Buy | E2: 500 | F2: 1850.5 | G2: Goldman Sachs | H2: Settled
A3: TRD002 | B3: 45597 | C3: RELIANCE | D3: Sell | E3: 200 | F3: 2450 | G3: JP Morgan | H3: Settled
A4: TRD003 | B4: 45597 | C4: HDFC | D4: Buy | E4: 1000 | F4: 1650.75 | G4: Morgan Stanley | H4: Settled
A5: TRD004 | B5: 45598 | C5: TCS | D5: Buy | E5: 300 | F5: 3850 | G5: Citibank | H5: Pending
A6: TRD005 | B6: 45598 | C6: WIPRO | D6: Sell | E6: 1500 | F6: 520.3 | G6: Goldman Sachs | H6: Settled
A7: TRD006 | B7: 45598 | C7: ICICI | D7: Buy | E7: 800 | F7: 1120 | G7: Barclays | H7: Settled
A8: TRD007 | B8: 45599 | C8: SBI | D8: Sell | E8: 400 | F8: 680 | G8: JP Morgan | H8: Pending
A9: TRD008 | B9: 45599 | C9: AXIS | D9: Buy | E9: 600 | F9: 1100 | G9: Morgan Stanley | H9: Settled
A10: TRD009 | B10: 45599 | C10: TATASTEEL | D10: Buy | E10: 2000 | F10: 150 | G10: Citibank | H10: Settled
A11: TRD010 | B11: 45600 | C11: HCL | D11: Sell | E11: 250 | F11: 1680 | G11: Goldman Sachs | H11: Pending
A12: TRD011 | B12: 45600 | C12: INFY | D12: Buy | E12: 750 | F12: 1845 | G12: JP Morgan | H12: Settled
A13: TRD012 | B13: 45600 | C13: RELIANCE | D13: Buy | E13: 100 | F13: 2460 | G13: Barclays | H13: Settled
... A21: TRD020 | B21: 45603 | C21: HCL | D21: Buy | E21: 500 | F21: 1690 | G21: Citibank | H21: Settled

Sheet Reconciliation xlookup
A1: TradeID | B1: Ext_QTY | C1: Ext_price | D1: Ext_status | E1: Int_QTY | F1: Int_price | G1: Int_status | H1: QTY_match | I1: price_match | J1: staus_match | L1: overall
A2: ='Trades_Internal (Bank Records)'!A3 -> TRD001 | B2: =_xlfn.XLOOKUP(A2,'Trades_External (Client Record)'!A1:A21,'Trades_External (Client Record)'!E1:E21) -> 500 | C2: =_xlfn.XLOOKUP(A2,'Trades_External (Client Record)'!A1:A21,'Trades_External (Client Record)'!F1:F21) -> 1850.5 | D2: =_xlfn.XLOOKUP(A2,'Trades_External (Client Record)'!A1:A21,'Trades_External (Client Record)'!H1:H21) -> Settled | E2: =_xlfn.XLOOKUP(A2,'Trades_Internal (Bank Records)'!A2:A22,'Trades_Internal (Bank Records)'!E2:E22) -> 500 | F2: =_xlfn.XLOOKUP(A2,'Trades_Internal (Bank Records)'!A2:A22,'Trades_Internal (Bank Records)'!F2:F22) -> 1850.5 | G2: =_xlfn.XLOOKUP(A2,'Trades_Internal (Bank Records)'!A2:A22,'Trades_Internal (Bank Records)'!H2:H22) -> Settled | H2: =IF(B2=E2,"Match","Mismatch") -> Match | I2: =IF(C2=F2,"Match","Mismatch") -> Match | J2: =IF(D2=G2,"Match","Mismatch") -> Match | L2: =IF(AND(H2="Match",I2="Match",J2="Match"),"OK","Exception") -> OK
A3: ='Trades_Internal (Bank Records)'!A4 -> TRD002 | B3: =_xlfn.XLOOKUP(A3,'Trades_External (Client Record)'!A2:A22,'Trades_External (Client Record)'!E2:E22) -> 200 | C3: =_xlfn.XLOOKUP(A3,'Trades_External (Client Record)'!A2:A22,'Trades_External (Client Record)'!F2:F22) -> 2450 | D3: =_xlfn.XLOOKUP(A3,'Trades_External (Client Record)'!A2:A22,'Trades_External (Client Record)'!H2:H22) -> Settled | E3: =_xlfn.XLOOKUP(A3,'Trades_Internal (Bank Records)'!A3:A23,'Trades_Internal (Bank Records)'!E3:E23) -> 200 | F3: =_xlfn.XLOOKUP(A3,'Trades_Internal (Bank Records)'!A3:A23,'Trades_Internal (Bank Records)'!F3:F23) -> 2450 | G3: =_xlfn.XLOOKUP(A3,'Trades_Internal (Bank Records)'!A3:A23,'Trades_Internal (Bank Records)'!H3:H23) -> Settled | H3: =IF(B3=E3,"Match","Mismatch") -> Match | I3: =IF(C3=F3,"Match","Mismatch") -> Match | J3: =IF(D3=G3,"Match","Mismatch") -> Match | L3: =IF(AND(H3="Match",I3="Match",J3="Match"),"OK","Exception") -> OK
A4: ='Trades_Internal (Bank Records)'!A5 -> TRD003 | B4: =_xlfn.XLOOKUP(A4,'Trades_External (Client Record)'!A3:A23,'Trades_External (Client Record)'!E3:E23) -> 1000 | C4: =_xlfn.XLOOKUP(A4,'Trades_External (Client Record)'!A3:A23,'Trades_External (Client Record)'!F3:F23) -> 1650.75 | D4: =_xlfn.XLOOKUP(A4,'Trades_External (Client Record)'!A3:A23,'Trades_External (Client Record)'!H3:H23) -> Settled | E4: =_xlfn.XLOOKUP(A4,'Trades_Internal (Bank Records)'!A4:A24,'Trades_Internal (Bank Records)'!E4:E24) -> 1000 | F4: =_xlfn.XLOOKUP(A4,'Trades_Internal (Bank Records)'!A4:A24,'Trades_Internal (Bank Records)'!F4:F24) -> 1650.75 | G4: =_xlfn.XLOOKUP(A4,'Trades_Internal (Bank Records)'!A4:A24,'Trades_Internal (Bank Records)'!H4:H24) -> Settled | H4: =IF(B4=E4,"Match","Mismatch") -> Match | I4: =IF(C4=F4,"Match","Mismatch") -> Match | J4: =IF(D4=G4,"Match","Mismatch") -> Match | L4: =IF(AND(H4="Match",I4="Match",J4="Match"),"OK","Exception") -> OK
A5: ='Trades_Internal (Bank Records)'!A6 -> TRD004 | B5: =_xlfn.XLOOKUP(A5,'Trades_External (Client Record)'!A4:A24,'Trades_External (Client Record)'!E4:E24) -> 300 | C5: =_xlfn.XLOOKUP(A5,'Trades_External (Client Record)'!A4:A24,'Trades_External (Client Record)'!F4:F24) -> 3850 | D5: =_xlfn.XLOOKUP(A5,'Trades_External (Client Record)'!A4:A24,'Trades_External (Client Record)'!H4:H24) -> Pending | E5: =_xlfn.XLOOKUP(A5,'Trades_Internal (Bank Records)'!A5:A25,'Trades_Internal (Bank Records)'!E5:E25) -> 300 | F5: =_xlfn.XLOOKUP(A5,'Trades_Internal (Bank Records)'!A5:A25,'Trades_Internal (Bank Records)'!F5:F25) -> 3850 | G5: =_xlfn.XLOOKUP(A5,'Trades_Internal (Bank Records)'!A5:A25,'Trades_Internal (Bank Records)'!H5:H25) -> Pending | H5: =IF(B5=E5,"Match","Mismatch") -> Match | I5: =IF(C5=F5,"Match","Mismatch") -> Match | J5: =IF(D5=G5,"Match","Mismatch") -> Match | L5: =IF(AND(H5="Match",I5="Match",J5="Match"),"OK","Exception") -> OK
A6: ='Trades_Internal (Bank Records)'!A7 -> TRD005 | B6: =_xlfn.XLOOKUP(A6,'Trades_External (Client Record)'!A5:A25,'Trades_External (Client Record)'!E5:E25) -> 1500 | C6: =_xlfn.XLOOKUP(A6,'Trades_External (Client Record)'!A5:A25,'Trades_External (Client Record)'!F5:F25) -> 520.3 | D6: =_xlfn.XLOOKUP(A6,'Trades_External (Client Record)'!A5:A25,'Trades_External (Client Record)'!H5:H25) -> Settled | E6: =_xlfn.XLOOKUP(A6,'Trades_Internal (Bank Records)'!A6:A26,'Trades_Internal (Bank Records)'!E6:E26) -> 1500 | F6: =_xlfn.XLOOKUP(A6,'Trades_Internal (Bank Records)'!A6:A26,'Trades_Internal (Bank Records)'!F6:F26) -> 520.3 | G6: =_xlfn.XLOOKUP(A6,'Trades_Internal (Bank Records)'!A6:A26,'Trades_Internal (Bank Records)'!H6:H26) -> Settled | H6: =IF(B6=E6,"Match","Mismatch") -> Match | I6: =IF(C6=F6,"Match","Mismatch") -> Match | J6: =IF(D6=G6,"Match","Mismatch") -> Match | L6: =IF(AND(H6="Match",I6="Match",J6="Match"),"OK","Exception") -> OK
A7: ='Trades_Internal (Bank Records)'!A8 -> TRD006 | B7: =_xlfn.XLOOKUP(A7,'Trades_External (Client Record)'!A6:A26,'Trades_External (Client Record)'!E6:E26) -> 800 | C7: =_xlfn.XLOOKUP(A7,'Trades_External (Client Record)'!A6:A26,'Trades_External (Client Record)'!F6:F26) -> 1120 | D7: =_xlfn.XLOOKUP(A7,'Trades_External (Client Record)'!A6:A26,'Trades_External (Client Record)'!H6:H26) -> Settled | E7: =_xlfn.XLOOKUP(A7,'Trades_Internal (Bank Records)'!A7:A27,'Trades_Internal (Bank Records)'!E7:E27) -> 800 | F7: =_xlfn.XLOOKUP(A7,'Trades_Internal (Bank Records)'!A7:A27,'Trades_Internal (Bank Records)'!F7:F27) -> 1120 | G7: =_xlfn.XLOOKUP(A7,'Trades_Internal (Bank Records)'!A7:A27,'Trades_Internal (Bank Records)'!H7:H27) -> Failed | H7: =IF(B7=E7,"Match","Mismatch") -> Match | I7: =IF(C7=F7,"Match","Mismatch") -> Match | J7: =IF(D7=G7,"Match","Mismatch") -> Mismatch | L7: =IF(AND(H7="Match",I7="Match",J7="Match"),"OK","Exception") -> Exception
A8: ='Trades_Internal (Bank Records)'!A9 -> TRD007 | B8: =_xlfn.XLOOKUP(A8,'Trades_External (Client Record)'!A7:A27,'Trades_External (Client Record)'!E7:E27) -> 400 | C8: =_xlfn.XLOOKUP(A8,'Trades_External (Client Record)'!A7:A27,'Trades_External (Client Record)'!F7:F27) -> 680 | D8: =_xlfn.XLOOKUP(A8,'Trades_External (Client Record)'!A7:A27,'Trades_External (Client Record)'!H7:H27) -> Pending | E8: =_xlfn.XLOOKUP(A8,'Trades_Internal (Bank Records)'!A8:A28,'Trades_Internal (Bank Records)'!E8:E28) -> 400 | F8: =_xlfn.XLOOKUP(A8,'Trades_Internal (Bank Records)'!A8:A28,'Trades_Internal (Bank Records)'!F8:F28) -> 680 | G8: =_xlfn.XLOOKUP(A8,'Trades_Internal (Bank Records)'!A8:A28,'Trades_Internal (Bank Records)'!H8:H28) -> Pending | H8: =IF(B8=E8,"Match","Mismatch") -> Match | I8: =IF(C8=F8,"Match","Mismatch") -> Match | J8: =IF(D8=G8,"Match","Mismatch") -> Match | L8: =IF(AND(H8="Match",I8="Match",J8="Match"),"OK","Exception") -> OK
A9: ='Trades_Internal (Bank Records)'!A10 -> TRD008 | B9: =_xlfn.XLOOKUP(A9,'Trades_External (Client Record)'!A8:A28,'Trades_External (Client Record)'!E8:E28) -> 600 | C9: =_xlfn.XLOOKUP(A9,'Trades_External (Client Record)'!A8:A28,'Trades_External (Client Record)'!F8:F28) -> 1100 | D9: =_xlfn.XLOOKUP(A9,'Trades_External (Client Record)'!A8:A28,'Trades_External (Client Record)'!H8:H28) -> Settled | E9: =_xlfn.XLOOKUP(A9,'Trades_Internal (Bank Records)'!A9:A29,'Trades_Internal (Bank Records)'!E9:E29) -> 600 | F9: =_xlfn.XLOOKUP(A9,'Trades_Internal (Bank Records)'!A9:A29,'Trades_Internal (Bank Records)'!F9:F29) -> 1100 | G9: =_xlfn.XLOOKUP(A9,'Trades_Internal (Bank Records)'!A9:A29,'Trades_Internal (Bank Records)'!H9:H29) -> Settled | H9: =IF(B9=E9,"Match","Mismatch") -> Match | I9: =IF(C9=F9,"Match","Mismatch") -> Match | J9: =IF(D9=G9,"Match","Mismatch") -> Match | L9: =IF(AND(H9="Match",I9="Match",J9="Match"),"OK","Exception") -> OK
A10: ='Trades_Internal (Bank Records)'!A11 -> TRD009 | B10: =_xlfn.XLOOKUP(A10,'Trades_External (Client Record)'!A9:A29,'Trades_External (Client Record)'!E9:E29) -> 2000 | C10: =_xlfn.XLOOKUP(A10,'Trades_External (Client Record)'!A9:A29,'Trades_External (Client Record)'!F9:F29) -> 150 | D10: =_xlfn.XLOOKUP(A10,'Trades_External (Client Record)'!A9:A29,'Trades_External (Client Record)'!H9:H29) -> Settled | E10: =_xlfn.XLOOKUP(A10,'Trades_Internal (Bank Records)'!A10:A30,'Trades_Internal (Bank Records)'!E10:E30) -> 2000 | F10: =_xlfn.XLOOKUP(A10,'Trades_Internal (Bank Records)'!A10:A30,'Trades_Internal (Bank Records)'!F10:F30) -> 150 | G10: =_xlfn.XLOOKUP(A10,'Trades_Internal (Bank Records)'!A10:A30,'Trades_Internal (Bank Records)'!H10:H30) -> Settled | H10: =IF(B10=E10,"Match","Mismatch") -> Match | I10: =IF(C10=F10,"Match","Mismatch") -> Match | J10: =IF(D10=G10,"Match","Mismatch") -> Match | L10: =IF(AND(H10="Match",I10="Match",J10="Match"),"OK","Exception") -> OK
A11: ='Trades_Internal (Bank Records)'!A12 -> TRD010 | B11: =_xlfn.XLOOKUP(A11,'Trades_External (Client Record)'!A10:A30,'Trades_External (Client Record)'!E10:E30) -> 250 | C11: =_xlfn.XLOOKUP(A11,'Trades_External (Client Record)'!A10:A30,'Trades_External (Client Record)'!F10:F30) -> 1680 | D11: =_xlfn.XLOOKUP(A11,'Trades_External (Client Record)'!A10:A30,'Trades_External (Client Record)'!H10:H30) -> Pending | E11: =_xlfn.XLOOKUP(A11,'Trades_Internal (Bank Records)'!A11:A31,'Trades_Internal (Bank Records)'!E11:E31) -> 250 | F11: =_xlfn.XLOOKUP(A11,'Trades_Internal (Bank Records)'!A11:A31,'Trades_Internal (Bank Records)'!F11:F31) -> 1680 | G11: =_xlfn.XLOOKUP(A11,'Trades_Internal (Bank Records)'!A11:A31,'Trades_Internal (Bank Records)'!H11:H31) -> Pending | H11: =IF(B11=E11,"Match","Mismatch") -> Match | I11: =IF(C11=F11,"Match","Mismatch") -> Match | J11: =IF(D11=G11,"Match","Mismatch") -> Match | L11: =IF(AND(H11="Match",I11="Match",J11="Match"),"OK","Exception") -> OK
A12: ='Trades_Internal (Bank Records)'!A13 -> TRD011 | B12: =_xlfn.XLOOKUP(A12,'Trades_External (Client Record)'!A11:A31,'Trades_External (Client Record)'!E11:E31) -> 750 | C12: =_xlfn.XLOOKUP(A12,'Trades_External (Client Record)'!A11:A31,'Trades_External (Client Record)'!F11:F31) -> 1845 | D12: =_xlfn.XLOOKUP(A12,'Trades_External (Client Record)'!A11:A31,'Trades_External (Client Record)'!H11:H31) -> Settled | E12: =_xlfn.XLOOKUP(A12,'Trades_Internal (Bank Records)'!A12:A32,'Trades_Internal (Bank Records)'!E12:E32) -> 750 | F12: =_xlfn.XLOOKUP(A12,'Trades_Internal (Bank Records)'!A12:A32,'Trades_Internal (Bank Records)'!F12:F32) -> 1845 | G12: =_xlfn.XLOOKUP(A12,'Trades_Internal (Bank Records)'!A12:A32,'Trades_Internal (Bank Records)'!H12:H32) -> Settled | H12: =IF(B12=E12,"Match","Mismatch") -> Match | I12: =IF(C12=F12,"Match","Mismatch") -> Match | J12: =IF(D12=G12,"Match","Mismatch") -> Match | L12: =IF(AND(H12="Match",I12="Match",J12="Match"),"OK","Exception") -> OK
A13: ='Trades_Internal (Bank Records)'!A14 -> TRD012 | B13: =_xlfn.XLOOKUP(A13,'Trades_External (Client Record)'!A12:A32,'Trades_External (Client Record)'!E12:E32) -> 100 | C13: =_xlfn.XLOOKUP(A13,'Trades_External (Client Record)'!A12:A32,'Trades_External (Client Record)'!F12:F32) -> 2460 | D13: =_xlfn.XLOOKUP(A13,'Trades_External (Client Record)'!A12:A32,'Trades_External (Client Record)'!H12:H32) -> Settled | E13: =_xlfn.XLOOKUP(A13,'Trades_Internal (Bank Records)'!A13:A33,'Trades_Internal (Bank Records)'!E13:E33) -> 100 | F13: =_xlfn.XLOOKUP(A13,'Trades_Internal (Bank Records)'!A13:A33,'Trades_Internal (Bank Records)'!F13:F33) -> 2460 | G13: =_xlfn.XLOOKUP(A13,'Trades_Internal (Bank Records)'!A13:A33,'Trades_Internal (Bank Records)'!H13:H33) -> Settled | H13: =IF(B13=E13,"Match","Mismatch") -> Match | I13: =IF(C13=F13,"Match","Mismatch") -> Match | J13: =IF(D13=G13,"Match","Mismatch") -> Match | L13: =IF(AND(H13="Match",I13="Match",J13="Match"),"OK","Exception") -> OK
... A21: ='Trades_Internal (Bank Records)'!A22 -> TRD020 | B21: =_xlfn.XLOOKUP(A21,'Trades_External (Client Record)'!A20:A40,'Trades_External (Client Record)'!E20:E40) -> 500 | C21: =_xlfn.XLOOKUP(A21,'Trades_External (Client Record)'!A20:A40,'Trades_External (Client Record)'!F20:F40) -> 1690 | D21: =_xlfn.XLOOKUP(A21,'Trades_External (Client Record)'!A20:A40,'Trades_External (Client Record)'!H20:H40) -> Settled | E21: =_xlfn.XLOOKUP(A21,'Trades_Internal (Bank Records)'!A21:A41,'Trades_Internal (Bank Records)'!E21:E41) -> 500 | F21: =_xlfn.XLOOKUP(A21,'Trades_Internal (Bank Records)'!A21:A41,'Trades_Internal (Bank Records)'!F21:F41) -> 1690 | G21: =_xlfn.XLOOKUP(A21,'Trades_Internal (Bank Records)'!A21:A41,'Trades_Internal (Bank Records)'!H21:H41) -> Settled | H21: =IF(B21=E21,"Match","Mismatch") -> Match | I21: =IF(C21=F21,"Match","Mismatch") -> Match | J21: =IF(D21=G21,"Match","Mismatch") -> Match | L21: =IF(AND(H21="Match",I21="Match",J21="Match"),"OK","Exception") -> OK

Sheet Reconciliation
A1: TradeID | B1: Ext_QTY | C1: Ext_price | D1: Ext_status | E1: Int_QTY | F1: Int_price | G1: Int_status | H1: QTY_match | I1: price_match | J1: staus_match | L1: overall
A2: ='Trades_Internal (Bank Records)'!A3 -> TRD001 | B2: ='Trades_External (Client Record)'!E2 -> 500 | C2: ='Trades_External (Client Record)'!F2 -> 1850.5 | D2: ='Trades_External (Client Record)'!H2 -> Settled | E2: ='Trades_Internal (Bank Records)'!E3 -> 500 | F2: ='Trades_Internal (Bank Records)'!F3 -> 1850.5 | G2: ='Trades_Internal (Bank Records)'!H3 -> Settled | H2: =IF(B2=E2,"Match","Mismatch") -> Match | I2: =IF(C2=F2,"Match","Mismatch") -> Match | J2: =IF(D2=G2,"Match","Mismatch") -> Match | L2: =IF(AND(B2=E2,C2=F2,D2=G2),"OK","Exception") -> OK
A3: ='Trades_Internal (Bank Records)'!A4 -> TRD002 | B3: ='Trades_External (Client Record)'!E3 -> 200 | C3: ='Trades_External (Client Record)'!F3 -> 2450 | D3: ='Trades_External (Client Record)'!H3 -> Settled | E3: ='Trades_Internal (Bank Records)'!E4 -> 200 | F3: ='Trades_Internal (Bank Records)'!F4 -> 2450 | G3: ='Trades_Internal (Bank Records)'!H4 -> Settled | H3: =IF(B3=E3,"Match","Mismatch") -> Match | I3: =IF(C3=F3,"Match","Mismatch") -> Match | J3: =IF(D3=G3,"Match","Mismatch") -> Match | L3: =IF(AND(B3=E3,C3=F3,D3=G3),"OK","Exception") -> OK
A4: ='Trades_Internal (Bank Records)'!A5 -> TRD003 | B4: ='Trades_External (Client Record)'!E4 -> 1000 | C4: ='Trades_External (Client Record)'!F4 -> 1650.75 | D4: ='Trades_External (Client Record)'!H4 -> Settled | E4: ='Trades_Internal (Bank Records)'!E5 -> 1000 | F4: ='Trades_Internal (Bank Records)'!F5 -> 1650.75 | G4: ='Trades_Internal (Bank Records)'!H5 -> Settled | H4: =IF(B4=E4,"Match","Mismatch") -> Match | I4: =IF(C4=F4,"Match","Mismatch") -> Match | J4: =IF(D4=G4,"Match","Mismatch") -> Match | L4: =IF(AND(B4=E4,C4=F4,D4=G4),"OK","Exception") -> OK
A5: ='Trades_Internal (Bank Records)'!A6 -> TRD004 | B5: ='Trades_External (Client Record)'!E5 -> 300 | C5: ='Trades_External (Client Record)'!F5 -> 3850 | D5: ='Trades_External (Client Record)'!H5 -> Pending | E5: ='Trades_Internal (Bank Records)'!E6 -> 300 | F5: ='Trades_Internal (Bank Records)'!F6 -> 3850 | G5: ='Trades_Internal (Bank Records)'!H6 -> Pending | H5: =IF(B5=E5,"Match","Mismatch") -> Match | I5: =IF(C5=F5,"Match","Mismatch") -> Match | J5: =IF(D5=G5,"Match","Mismatch") -> Match | L5: =IF(AND(B5=E5,C5=F5,D5=G5),"OK","Exception") -> OK
A6: ='Trades_Internal (Bank Records)'!A7 -> TRD005 | B6: ='Trades_External (Client Record)'!E6 -> 1500 | C6: ='Trades_External (Client Record)'!F6 -> 520.3 | D6: ='Trades_External (Client Record)'!H6 -> Settled | E6: ='Trades_Internal (Bank Records)'!E7 -> 1500 | F6: ='Trades_Internal (Bank Records)'!F7 -> 520.3 | G6: ='Trades_Internal (Bank Records)'!H7 -> Settled | H6: =IF(B6=E6,"Match","Mismatch") -> Match | I6: =IF(C6=F6,"Match","Mismatch") -> Match | J6: =IF(D6=G6,"Match","Mismatch") -> Match | L6: =IF(AND(B6=E6,C6=F6,D6=G6),"OK","Exception") -> OK
A7: ='Trades_Internal (Bank Records)'!A8 -> TRD006 | B7: ='Trades_External (Client Record)'!E7 -> 800 | C7: ='Trades_External (Client Record)'!F7 -> 1120 | D7: ='Trades_External (Client Record)'!H7 -> Settled | E7: ='Trades_Internal (Bank Records)'!E8 -> 800 | F7: ='Trades_Internal (Bank Records)'!F8 -> 1120 | G7: ='Trades_Internal (Bank Records)'!H8 -> Failed | H7: =IF(B7=E7,"Match","Mismatch") -> Match | I7: =IF(C7=F7,"Match","Mismatch") -> Match | J7: =IF(D7=G7,"Match","Mismatch") -> Mismatch | L7: =IF(AND(B7=E7,C7=F7,D7=G7),"OK","Exception") -> Exception
A8: ='Trades_Internal (Bank Records)'!A9 -> TRD007 | B8: ='Trades_External (Client Record)'!E8 -> 400 | C8: ='Trades_External (Client Record)'!F8 -> 680 | D8: ='Trades_External (Client Record)'!H8 -> Pending | E8: ='Trades_Internal (Bank Records)'!E9 -> 400 | F8: ='Trades_Internal (Bank Records)'!F9 -> 680 | G8: ='Trades_Internal (Bank Records)'!H9 -> Pending | H8: =IF(B8=E8,"Match","Mismatch") -> Match | I8: =IF(C8=F8,"Match","Mismatch") -> Match | J8: =IF(D8=G8,"Match","Mismatch") -> Match | L8: =IF(AND(B8=E8,C8=F8,D8=G8),"OK","Exception") -> OK
A9: ='Trades_Internal (Bank Records)'!A10 -> TRD008 | B9: ='Trades_External (Client Record)'!E9 -> 600 | C9: ='Trades_External (Client Record)'!F9 -> 1100 | D9: ='Trades_External (Client Record)'!H9 -> Settled | E9: ='Trades_Internal (Bank Records)'!E10 -> 600 | F9: ='Trades_Internal (Bank Records)'!F10 -> 1100 | G9: ='Trades_Internal (Bank Records)'!H10 -> Settled | H9: =IF(B9=E9,"Match","Mismatch") -> Match | I9: =IF(C9=F9,"Match","Mismatch") -> Match | J9: =IF(D9=G9,"Match","Mismatch") -> Match | L9: =IF(AND(B9=E9,C9=F9,D9=G9),"OK","Exception") -> OK
A10: ='Trades_Internal (Bank Records)'!A11 -> TRD009 | B10: ='Trades_External (Client Record)'!E10 -> 2000 | C10: ='Trades_External (Client Record)'!F10 -> 150 | D10: ='Trades_External (Client Record)'!H10 -> Settled | E10: ='Trades_Internal (Bank Records)'!E11 -> 2000 | F10: ='Trades_Internal (Bank Records)'!F11 -> 150 | G10: ='Trades_Internal (Bank Records)'!H11 -> Settled | H10: =IF(B10=E10,"Match","Mismatch") -> Match | I10: =IF(C10=F10,"Match","Mismatch") -> Match | J10: =IF(D10=G10,"Match","Mismatch") -> Match | L10: =IF(AND(B10=E10,C10=F10,D10=G10),"OK","Exception") -> OK
A11: ='Trades_Internal (Bank Records)'!A12 -> TRD010 | B11: ='Trades_External (Client Record)'!E11 -> 250 | C11: ='Trades_External (Client Record)'!F11 -> 1680 | D11: ='Trades_External (Client Record)'!H11 -> Pending | E11: ='Trades_Internal (Bank Records)'!E12 -> 250 | F11: ='Trades_Internal (Bank Records)'!F12 -> 1680 | G11: ='Trades_Internal (Bank Records)'!H12 -> Pending | H11: =IF(B11=E11,"Match","Mismatch") -> Match | I11: =IF(C11=F11,"Match","Mismatch") -> Match | J11: =IF(D11=G11,"Match","Mismatch") -> Match | L11: =IF(AND(B11=E11,C11=F11,D11=G11),"OK","Exception") -> OK
A12: ='Trades_Internal (Bank Records)'!A13 -> TRD011 | B12: ='Trades_External (Client Record)'!E12 -> 750 | C12: ='Trades_External (Client Record)'!F12 -> 1845 | D12: ='Trades_External (Client Record)'!H12 -> Settled | E12: ='Trades_Internal (Bank Records)'!E13 -> 750 | F12: ='Trades_Internal (Bank Records)'!F13 -> 1845 | G12: ='Trades_Internal (Bank Records)'!H13 -> Settled | H12: =IF(B12=E12,"Match","Mismatch") -> Match | I12: =IF(C12=F12,"Match","Mismatch") -> Match | J12: =IF(D12=G12,"Match","Mismatch") -> Match | L12: =IF(AND(B12=E12,C12=F12,D12=G12),"OK","Exception") -> OK
A13: ='Trades_Internal (Bank Records)'!A14 -> TRD012 | B13: ='Trades_External (Client Record)'!E13 -> 100 | C13: ='Trades_External (Client Record)'!F13 -> 2460 | D13: ='Trades_External (Client Record)'!H13 -> Settled | E13: ='Trades_Internal (Bank Records)'!E14 -> 100 | F13: ='Trades_Internal (Bank Records)'!F14 -> 2460 | G13: ='Trades_Internal (Bank Records)'!H14 -> Settled | H13: =IF(B13=E13,"Match","Mismatch") -> Match | I13: =IF(C13=F13,"Match","Mismatch") -> Match | J13: =IF(D13=G13,"Match","Mismatch") -> Match | L13: =IF(AND(B13=E13,C13=F13,D13=G13),"OK","Exception") -> OK
... A21: ='Trades_Internal (Bank Records)'!A22 -> TRD020 | B21: ='Trades_External (Client Record)'!E21 -> 500 | C21: ='Trades_External (Client Record)'!F21 -> 1690 | D21: ='Trades_External (Client Record)'!H21 -> Settled | E21: ='Trades_Internal (Bank Records)'!E22 -> 500 | F21: ='Trades_Internal (Bank Records)'!F22 -> 1690 | G21: ='Trades_Internal (Bank Records)'!H22 -> Settled | H21: =IF(B21=E21,"Match","Mismatch") -> Match | I21: =IF(C21=F21,"Match","Mismatch") -> Match | J21: =IF(D21=G21,"Match","Mismatch") -> Match | L21: =IF(AND(B21=E21,C21=F21,D21=G21),"OK","Exception") -> OK

Sheet Exceptions
A1: {=_xlfn._xlws.FILTER(Reconciliation!A1:L21,Reconciliation!L1:L21="Exception")} -> TRD006 | B1: 800 | C1: 1120 | D1: Settled | E1: 800 | F1: 1120 | G1: Failed | H1: Match | I1: Match | J1: Mismatch | K1: 0 | L1: Exception
A4: {=_xlfn._xlws.FILTER('Reconciliation xlookup'!A1:L21,'Reconciliation xlookup'!L1:L21="Exception")} -> TRD006 | B4: 800 | C4: 1120 | D4: Settled | E4: 800 | F4: 1120 | G4: Failed | H4: Match | I4: Match | J4: Mismatch | K4: 0 | L4: Exception
A7: {=_xlfn._xlws.FILTER(Reconciliation!A1:L21,Reconciliation!L1:L21="Exception")} -> TRD006 | B7: 800 | C7: 1120 | D7: Settled | E7: 800 | F7: 1120 | G7: Failed | H7: Match | I7: Match | J7: Mismatch | K7: 0 | L7: Exception

Sheet Detail1
A1: Details for Count of overall - staus_match: Mismatch
A3: TradeID | B3: Ext_QTY | C3: Ext_price | D3: Ext_status | E3: Int_QTY | F3: Int_price | G3: Int_status | H3: QTY_match | I3: price_match | J3: staus_match | K3: Field11 | L3: overall
A4: TRD006 | B4: 800 | C4: 1120 | D4: Settled | E4: 800 | F4: 1120 | G4: Failed | H4: Match | I4: Match | J4: Mismatch | L4: Exception

Sheet Dashboard
H1: overall | I1: Exception
B3: Total Trades | E3: =COUNTA(Reconciliation!A2:A21) -> 20 | I3: staus_match
B4: Matched Trades | D4: Match | E4: =COUNTIF(Reconciliation!L2:L21,"OK") -> 19 | I4: Mismatch | J4: Grand Total
B5: Exception | D5: Exception | E5: =COUNTIF(Reconciliation!L1:L21,Dashboard!D5) -> 1 | H5: Count of TradeID | I5: 1 | J5: 1
B6: Match Rate % | E6: =(E4/E3)*100 -> 95
B7: Exception % | E7: =(E5/E3)*100 -> 5
